caseId,siteId,function,file,line,allocation_type,verdict,verdict_tool,confidence,dynamic_coverage,explanation,repair_suggestion,repair_diff
CWE401_Memory_Leak__char_calloc_01,bundle_be6f7e4546834464f0cd82c4d9c31522a673be9e,CWE401_Memory_Leak__char_calloc_01_bad,/root/Thesis/cleak/demo/juliet_cwe401/cases/CWE401_Memory_Leak__char_calloc_01/CWE401_Memory_Leak__char_calloc_01.c,29,calloc,confirmed_leak,heuristic,1,exercised_leak,Unknown: `data` allocated at /root/Thesis/cleak/demo/juliet_cwe401/cases/CWE401_Memory_Leak__char_calloc_01/CWE401_Memory_Leak__char_calloc_01.c:29 is never freed before CWE401_Memory_Leak__char_calloc_01_bad() returns. The allocation at /root/Thesis/cleak/demo/juliet_cwe401/cases/CWE401_Memory_Leak__char_calloc_01/CWE401_Memory_Leak__char_calloc_01.c:29 (`data`) has no matching free on the leaking path.,Ensure the object allocated via calloc in CWE401_Memory_Leak__char_calloc_01_bad is released on every exit path. Add cleanup before each return or route ownership to a caller that clearly frees it.,"--- a//root/Thesis/cleak/demo/juliet_cwe401/cases/CWE401_Memory_Leak__char_calloc_01/CWE401_Memory_Leak__char_calloc_01.c
+++ b//root/Thesis/cleak/demo/juliet_cwe401/cases/CWE401_Memory_Leak__char_calloc_01/CWE401_Memory_Leak__char_calloc_01.c
@@ -36 +36 @@
-}
+free(data);
+}
(Free `data` before the exit at line 36 so every path releases the allocation.)"
CWE401_Memory_Leak__char_calloc_01,bundle_f21ab4c73691c9847e0cbd1b58e662ab5aa3655b,goodG2B,/root/Thesis/cleak/demo/juliet_cwe401/cases/CWE401_Memory_Leak__char_calloc_01/CWE401_Memory_Leak__char_calloc_01.c,48,ALLOCA,likely_false_positive,heuristic,0.8,exercised_clean,A dynamic run exercised this allocation and reported no leak; the remaining static signals are weak.,,
CWE401_Memory_Leak__char_calloc_01,bundle_57e9d611d08545af4b22bac1563c135ce30b3bff,goodB2G,/root/Thesis/cleak/demo/juliet_cwe401/cases/CWE401_Memory_Leak__char_calloc_01/CWE401_Memory_Leak__char_calloc_01.c,62,calloc,likely_false_positive,heuristic,0.8,exercised_clean,A dynamic run exercised this allocation and reported no leak; the remaining static signals are weak.,,
CWE401_Memory_Leak__char_calloc_02,bundle_8ac004de47a52055a4a334fea45978f82c980aa8,CWE401_Memory_Leak__char_calloc_02_bad,/root/Thesis/cleak/demo/juliet_cwe401/cases/CWE401_Memory_Leak__char_calloc_02/CWE401_Memory_Leak__char_calloc_02.c,31,calloc,confirmed_leak,heuristic,1,exercised_leak,Unknown: `data` allocated at /root/Thesis/cleak/demo/juliet_cwe401/cases/CWE401_Memory_Leak__char_calloc_02/CWE401_Memory_Leak__char_calloc_02.c:31 is never freed before CWE401_Memory_Leak__char_calloc_02_bad() returns. The allocation at /root/Thesis/cleak/demo/juliet_cwe401/cases/CWE401_Memory_Leak__char_calloc_02/CWE401_Memory_Leak__char_calloc_02.c:31 (`data`) has no matching free on the leaking path.,Ensure the object allocated via calloc in CWE401_Memory_Leak__char_calloc_02_bad is released on every exit path. Add cleanup before each return or route ownership to a caller that clearly frees it.,"--- a//root/Thesis/cleak/demo/juliet_cwe401/cases/CWE401_Memory_Leak__char_calloc_02/CWE401_Memory_Leak__char_calloc_02.c
+++ b//root/Thesis/cleak/demo/juliet_cwe401/cases/CWE401_Memory_Leak__char_calloc_02/CWE401_Memory_Leak__char_calloc_02.c
@@ -42 +42 @@
-}
+free(data);
+}
(Free `data` before the exit at line 42 so every path releases the allocation.)"
CWE401_Memory_Leak__char_calloc_02,bundle_64b85c92ec256286a09cc65572c8a5eb886ad08c,goodB2G1,/root/Thesis/cleak/demo/juliet_cwe401/cases/CWE401_Memory_Leak__char_calloc_02/CWE401_Memory_Leak__char_calloc_02.c,56,calloc,likely_false_positive,heuristic,0.8,exercised_clean,A dynamic run exercised this allocation and reported no leak; the remaining static signals are weak.,,
CWE401_Memory_Leak__char_calloc_02,bundle_405200be9784db4f43b537e7557d4b8dd62e6bae,goodB2G2,/root/Thesis/cleak/demo/juliet_cwe401/cases/CWE401_Memory_Leak__char_calloc_02/CWE401_Memory_Leak__char_calloc_02.c,82,calloc,likely_false_positive,heuristic,0.8,exercised_clean,A dynamic run exercised this allocation and reported no leak; the remaining static signals are weak.,,
CWE401_Memory_Leak__char_calloc_02,bundle_50b725a959a19d77a3658072e497a2fd2992f069,goodG2B1,/root/Thesis/cleak/demo/juliet_cwe401/cases/CWE401_Memory_Leak__char_calloc_02/CWE401_Memory_Leak__char_calloc_02.c,108,ALLOCA,likely_false_positive,heuristic,0.8,exercised_clean,A dynamic run exercised this allocation and reported no leak; the remaining static signals are weak.,,
CWE401_Memory_Leak__char_calloc_02,bundle_a3a801839331387233298c564e5b797a029d4908,goodG2B2,/root/Thesis/cleak/demo/juliet_cwe401/cases/CWE401_Memory_Leak__char_calloc_02/CWE401_Memory_Leak__char_calloc_02.c,128,ALLOCA,likely_false_positive,heuristic,0.8,exercised_clean,A dynamic run exercised this allocation and reported no leak; the remaining static signals are weak.,,
CWE401_Memory_Leak__char_calloc_03,bundle_476e9aeb993026feca71e81dd810a603a3966a0b,CWE401_Memory_Leak__char_calloc_03_bad,/root/Thesis/cleak/demo/juliet_cwe401/cases/CWE401_Memory_Leak__char_calloc_03/CWE401_Memory_Leak__char_calloc_03.c,31,calloc,confirmed_leak,heuristic,1,exercised_leak,Unknown: `data` allocated at /root/Thesis/cleak/demo/juliet_cwe401/cases/CWE401_Memory_Leak__char_calloc_03/CWE401_Memory_Leak__char_calloc_03.c:31 is never freed before CWE401_Memory_Leak__char_calloc_03_bad() returns. The allocation at /root/Thesis/cleak/demo/juliet_cwe401/cases/CWE401_Memory_Leak__char_calloc_03/CWE401_Memory_Leak__char_calloc_03.c:31 (`data`) has no matching free on the leaking path.,Ensure the object allocated via calloc in CWE401_Memory_Leak__char_calloc_03_bad is released on every exit path. Add cleanup before each return or route ownership to a caller that clearly frees it.,"--- a//root/Thesis/cleak/demo/juliet_cwe401/cases/CWE401_Memory_Leak__char_calloc_03/CWE401_Memory_Leak__char_calloc_03.c
+++ b//root/Thesis/cleak/demo/juliet_cwe401/cases/CWE401_Memory_Leak__char_calloc_03/CWE401_Memory_Leak__char_calloc_03.c
@@ -42 +42 @@
-}
+free(data);
+}
(Free `data` before the exit at line 42 so every path releases the allocation.)"
CWE401_Memory_Leak__char_calloc_03,bundle_c524dbb2294bc6f0ed1dbdb8d3844c6d00f585fd,goodB2G1,/root/Thesis/cleak/demo/juliet_cwe401/cases/CWE401_Memory_Leak__char_calloc_03/CWE401_Memory_Leak__char_calloc_03.c,56,calloc,likely_false_positive,heuristic,0.8,exercised_clean,A dynamic run exercised this allocation and reported no leak; the remaining static signals are weak.,,
CWE401_Memory_Leak__char_calloc_03,bundle_1dac026a0b8c996f1fe8b1d7293a8330664a1f73,goodB2G2,/root/Thesis/cleak/demo/juliet_cwe401/cases/CWE401_Memory_Leak__char_calloc_03/CWE401_Memory_Leak__char_calloc_03.c,82,calloc,likely_false_positive,heuristic,0.8,exercised_clean,A dynamic run exercised this allocation and reported no leak; the remaining static signals are weak.,,
CWE401_Memory_Leak__char_calloc_03,bundle_8ec32a1f72653829d0db5dffa732b984b855b76b,goodG2B1,/root/Thesis/cleak/demo/juliet_cwe401/cases/CWE401_Memory_Leak__char_calloc_03/CWE401_Memory_Leak__char_calloc_03.c,108,ALLOCA,likely_false_positive,heuristic,0.8,exercised_clean,A dynamic run exercised this allocation and reported no leak; the remaining static signals are weak.,,
CWE401_Memory_Leak__char_calloc_03,bundle_ed82055542a89998dc7361eb5f4dcdb878f1f1eb,goodG2B2,/root/Thesis/cleak/demo/juliet_cwe401/cases/CWE401_Memory_Leak__char_calloc_03/CWE401_Memory_Leak__char_calloc_03.c,128,ALLOCA,likely_false_positive,heuristic,0.8,exercised_clean,A dynamic run exercised this allocation and reported no leak; the remaining static signals are weak.,,
CWE401_Memory_Leak__char_calloc_04,bundle_f1751f7d0a89b940910ed439aead458d4d3fd962,CWE401_Memory_Leak__char_calloc_04_bad,/root/Thesis/cleak/demo/juliet_cwe401/cases/CWE401_Memory_Leak__char_calloc_04/CWE401_Memory_Leak__char_calloc_04.c,37,calloc,confirmed_leak,heuristic,1,exercised_leak,Unknown: `data` allocated at /root/Thesis/cleak/demo/juliet_cwe401/cases/CWE401_Memory_Leak__char_calloc_04/CWE401_Memory_Leak__char_calloc_04.c:37 is never freed before CWE401_Memory_Leak__char_calloc_04_bad() returns. The allocation at /root/Thesis/cleak/demo/juliet_cwe401/cases/CWE401_Memory_Leak__char_calloc_04/CWE401_Memory_Leak__char_calloc_04.c:37 (`data`) has no matching free on the leaking path.,Ensure the object allocated via calloc in CWE401_Memory_Leak__char_calloc_04_bad is released on every exit path. Add cleanup before each return or route ownership to a caller that clearly frees it.,"--- a//root/Thesis/cleak/demo/juliet_cwe401/cases/CWE401_Memory_Leak__char_calloc_04/CWE401_Memory_Leak__char_calloc_04.c
+++ b//root/Thesis/cleak/demo/juliet_cwe401/cases/CWE401_Memory_Leak__char_calloc_04/CWE401_Memory_Leak__char_calloc_04.c
@@ -48 +48 @@
-}
+free(data);
+}
(Free `data` before the exit at line 48 so every path releases the allocation.)"
CWE401_Memory_Leak__char_calloc_04,bundle_6afd9e46d7ea74e8c34c4d6c93f5cada26404f71,goodB2G1,/root/Thesis/cleak/demo/juliet_cwe401/cases/CWE401_Memory_Leak__char_calloc_04/CWE401_Memory_Leak__char_calloc_04.c,62,calloc,likely_false_positive,heuristic,0.8,exercised_clean,A dynamic run exercised this allocation and reported no leak; the remaining static signals are weak.,,
CWE401_Memory_Leak__char_calloc_04,bundle_6985da6c84cb929fce0ee12b55ecc1a967a0cc24,goodB2G2,/root/Thesis/cleak/demo/juliet_cwe401/cases/CWE401_Memory_Leak__char_calloc_04/CWE401_Memory_Leak__char_calloc_04.c,88,calloc,likely_false_positive,heuristic,0.8,exercised_clean,A dynamic run exercised this allocation and reported no leak; the remaining static signals are weak.,,
CWE401_Memory_Leak__char_calloc_04,bundle_b0ea9822789f509c65f9a92e2b36c3c70f1aa7c9,goodG2B1,/root/Thesis/cleak/demo/juliet_cwe401/cases/CWE401_Memory_Leak__char_calloc_04/CWE401_Memory_Leak__char_calloc_04.c,114,ALLOCA,likely_false_positive,heuristic,0.8,exercised_clean,A dynamic run exercised this allocation and reported no leak; the remaining static signals are weak.,,
CWE401_Memory_Leak__char_calloc_04,bundle_58834e6f8314001d7043b7c251218352a1e6e193,goodG2B2,/root/Thesis/cleak/demo/juliet_cwe401/cases/CWE401_Memory_Leak__char_calloc_04/CWE401_Memory_Leak__char_calloc_04.c,134,ALLOCA,likely_false_positive,heuristic,0.8,exercised_clean,A dynamic run exercised this allocation and reported no leak; the remaining static signals are weak.,,
CWE401_Memory_Leak__char_calloc_05,bundle_62fdf6d04df7248dcaade3eb1c4229d2aa96eb9a,CWE401_Memory_Leak__char_calloc_05_bad,/root/Thesis/cleak/demo/juliet_cwe401/cases/CWE401_Memory_Leak__char_calloc_05/CWE401_Memory_Leak__char_calloc_05.c,37,calloc,confirmed_leak,heuristic,1,exercised_leak,Unknown: `data` allocated at /root/Thesis/cleak/demo/juliet_cwe401/cases/CWE401_Memory_Leak__char_calloc_05/CWE401_Memory_Leak__char_calloc_05.c:37 is never freed before CWE401_Memory_Leak__char_calloc_05_bad() returns. The allocation at /root/Thesis/cleak/demo/juliet_cwe401/cases/CWE401_Memory_Leak__char_calloc_05/CWE401_Memory_Leak__char_calloc_05.c:37 (`data`) has no matching free on the leaking path.,Ensure the object allocated via calloc in CWE401_Memory_Leak__char_calloc_05_bad is released on every exit path. Add cleanup before each return or route ownership to a caller that clearly frees it.,"--- a//root/Thesis/cleak/demo/juliet_cwe401/cases/CWE401_Memory_Leak__char_calloc_05/CWE401_Memory_Leak__char_calloc_05.c
+++ b//root/Thesis/cleak/demo/juliet_cwe401/cases/CWE401_Memory_Leak__char_calloc_05/CWE401_Memory_Leak__char_calloc_05.c
@@ -48 +48 @@
-}
+free(data);
+}
(Free `data` before the exit at line 48 so every path releases the allocation.)"
CWE401_Memory_Leak__char_calloc_05,bundle_c519286df2cf3981cb4c1157bdcc517975d458d1,goodB2G1,/root/Thesis/cleak/demo/juliet_cwe401/cases/CWE401_Memory_Leak__char_calloc_05/CWE401_Memory_Leak__char_calloc_05.c,62,calloc,likely_false_positive,heuristic,0.8,exercised_clean,A dynamic run exercised this allocation and reported no leak; the remaining static signals are weak.,,
CWE401_Memory_Leak__char_calloc_05,bundle_93b13726fdcdccc1832bc710eedd3a7911f9950b,goodB2G2,/root/Thesis/cleak/demo/juliet_cwe401/cases/CWE401_Memory_Leak__char_calloc_05/CWE401_Memory_Leak__char_calloc_05.c,88,calloc,likely_false_positive,heuristic,0.8,exercised_clean,A dynamic run exercised this allocation and reported no leak; the remaining static signals are weak.,,
CWE401_Memory_Leak__char_calloc_05,bundle_8684e2a28d56eb9a3ceffa939cf53ad3d1a75107,goodG2B1,/root/Thesis/cleak/demo/juliet_cwe401/cases/CWE401_Memory_Leak__char_calloc_05/CWE401_Memory_Leak__char_calloc_05.c,114,ALLOCA,likely_false_positive,heuristic,0.8,exercised_clean,A dynamic run exercised this allocation and reported no leak; the remaining static signals are weak.,,
CWE401_Memory_Leak__char_calloc_05,bundle_e05962ea2a93ed1f258e0e7d0376235dfa0b6f1b,goodG2B2,/root/Thesis/cleak/demo/juliet_cwe401/cases/CWE401_Memory_Leak__char_calloc_05/CWE401_Memory_Leak__char_calloc_05.c,134,ALLOCA,likely_false_positive,heuristic,0.8,exercised_clean,A dynamic run exercised this allocation and reported no leak; the remaining static signals are weak.,,
CWE401_Memory_Leak__char_calloc_06,bundle_6c3f23898de1a86e5738331479aac5184270f385,CWE401_Memory_Leak__char_calloc_06_bad,/root/Thesis/cleak/demo/juliet_cwe401/cases/CWE401_Memory_Leak__char_calloc_06/CWE401_Memory_Leak__char_calloc_06.c,36,calloc,confirmed_leak,heuristic,1,exercised_leak,Unknown: `data` allocated at /root/Thesis/cleak/demo/juliet_cwe401/cases/CWE401_Memory_Leak__char_calloc_06/CWE401_Memory_Leak__char_calloc_06.c:36 is never freed before CWE401_Memory_Leak__char_calloc_06_bad() returns. The allocation at /root/Thesis/cleak/demo/juliet_cwe401/cases/CWE401_Memory_Leak__char_calloc_06/CWE401_Memory_Leak__char_calloc_06.c:36 (`data`) has no matching free on the leaking path.,Ensure the object allocated via calloc in CWE401_Memory_Leak__char_calloc_06_bad is released on every exit path. Add cleanup before each return or route ownership to a caller that clearly frees it.,"--- a//root/Thesis/cleak/demo/juliet_cwe401/cases/CWE401_Memory_Leak__char_calloc_06/CWE401_Memory_Leak__char_calloc_06.c
+++ b//root/Thesis/cleak/demo/juliet_cwe401/cases/CWE401_Memory_Leak__char_calloc_06/CWE401_Memory_Leak__char_calloc_06.c
@@ -47 +47 @@
-}
+free(data);
+}
(Free `data` before the exit at line 47 so every path releases the allocation.)"
CWE401_Memory_Leak__char_calloc_06,bundle_81e8f11ee3a219b5af194168f175becf397aff05,goodB2G1,/root/Thesis/cleak/demo/juliet_cwe401/cases/CWE401_Memory_Leak__char_calloc_06/CWE401_Memory_Leak__char_calloc_06.c,61,calloc,likely_false_positive,heuristic,0.8,exercised_clean,A dynamic run exercised this allocation and reported no leak; the remaining static signals are weak.,,
CWE401_Memory_Leak__char_calloc_06,bundle_52fc02897d8d1debc9802c3f65f1381312f9beb2,goodB2G2,/root/Thesis/cleak/demo/juliet_cwe401/cases/CWE401_Memory_Leak__char_calloc_06/CWE401_Memory_Leak__char_calloc_06.c,87,calloc,likely_false_positive,heuristic,0.8,exercised_clean,A dynamic run exercised this allocation and reported no leak; the remaining static signals are weak.,,
CWE401_Memory_Leak__char_calloc_06,bundle_877a6498d2ce257e3fa577c2ecb6cc02572e68ea,goodG2B1,/root/Thesis/cleak/demo/juliet_cwe401/cases/CWE401_Memory_Leak__char_calloc_06/CWE401_Memory_Leak__char_calloc_06.c,113,ALLOCA,likely_false_positive,heuristic,0.8,exercised_clean,A dynamic run exercised this allocation and reported no leak; the remaining static signals are weak.,,
CWE401_Memory_Leak__char_calloc_06,bundle_081633ce28cd092d9c07dc06c4bfd3843d291ee9,goodG2B2,/root/Thesis/cleak/demo/juliet_cwe401/cases/CWE401_Memory_Leak__char_calloc_06/CWE401_Memory_Leak__char_calloc_06.c,133,ALLOCA,likely_false_positive,heuristic,0.8,exercised_clean,A dynamic run exercised this allocation and reported no leak; the remaining static signals are weak.,,
CWE401_Memory_Leak__char_calloc_07,bundle_35c6fca8d6c3df187f47757aed9baaec4474fd6d,CWE401_Memory_Leak__char_calloc_07_bad,/root/Thesis/cleak/demo/juliet_cwe401/cases/CWE401_Memory_Leak__char_calloc_07/CWE401_Memory_Leak__char_calloc_07.c,36,calloc,confirmed_leak,heuristic,1,exercised_leak,Unknown: `data` allocated at /root/Thesis/cleak/demo/juliet_cwe401/cases/CWE401_Memory_Leak__char_calloc_07/CWE401_Memory_Leak__char_calloc_07.c:36 is never freed before CWE401_Memory_Leak__char_calloc_07_bad() returns. The allocation at /root/Thesis/cleak/demo/juliet_cwe401/cases/CWE401_Memory_Leak__char_calloc_07/CWE401_Memory_Leak__char_calloc_07.c:36 (`data`) has no matching free on the leaking path.,Ensure the object allocated via calloc in CWE401_Memory_Leak__char_calloc_07_bad is released on every exit path. Add cleanup before each return or route ownership to a caller that clearly frees it.,"--- a//root/Thesis/cleak/demo/juliet_cwe401/cases/CWE401_Memory_Leak__char_calloc_07/CWE401_Memory_Leak__char_calloc_07.c
+++ b//root/Thesis/cleak/demo/juliet_cwe401/cases/CWE401_Memory_Leak__char_calloc_07/CWE401_Memory_Leak__char_calloc_07.c
@@ -47 +47 @@
-}
+free(data);
+}
(Free `data` before the exit at line 47 so every path releases the allocation.)"
CWE401_Memory_Leak__char_calloc_07,bundle_761ae9301fd30444e1e62428e98f6a8f3bf5f24f,goodB2G1,/root/Thesis/cleak/demo/juliet_cwe401/cases/CWE401_Memory_Leak__char_calloc_07/CWE401_Memory_Leak__char_calloc_07.c,61,calloc,likely_false_positive,heuristic,0.8,exercised_clean,A dynamic run exercised this allocation and reported no leak; the remaining static signals are weak.,,
CWE401_Memory_Leak__char_calloc_07,bundle_d9949028af7cbd3832feac5b1c5af0e5ba2a47f5,goodB2G2,/root/Thesis/cleak/demo/juliet_cwe401/cases/CWE401_Memory_Leak__char_calloc_07/CWE401_Memory_Leak__char_calloc_07.c,87,calloc,likely_false_positive,heuristic,0.8,exercised_clean,A dynamic run exercised this allocation and reported no leak; the remaining static signals are weak.,,
CWE401_Memory_Leak__char_calloc_07,bundle_5524f1a0ed2c4e7ac4388d8f5b4cecdc834f7eec,goodG2B1,/root/Thesis/cleak/demo/juliet_cwe401/cases/CWE401_Memory_Leak__char_calloc_07/CWE401_Memory_Leak__char_calloc_07.c,113,ALLOCA,likely_false_positive,heuristic,0.8,exercised_clean,A dynamic run exercised this allocation and reported no leak; the remaining static signals are weak.,,
CWE401_Memory_Leak__char_calloc_07,bundle_66011562c4a4a8faa1c8d9c0b546239e74c3b6f0,goodG2B2,/root/Thesis/cleak/demo/juliet_cwe401/cases/CWE401_Memory_Leak__char_calloc_07/CWE401_Memory_Leak__char_calloc_07.c,133,ALLOCA,likely_false_positive,heuristic,0.8,exercised_clean,A dynamic run exercised this allocation and reported no leak; the remaining static signals are weak.,,
CWE401_Memory_Leak__char_calloc_08,bundle_6cafbd8cc0795025e0803886ecfd53536a4431a3,CWE401_Memory_Leak__char_calloc_08_bad,/root/Thesis/cleak/demo/juliet_cwe401/cases/CWE401_Memory_Leak__char_calloc_08/CWE401_Memory_Leak__char_calloc_08.c,44,calloc,confirmed_leak,heuristic,1,exercised_leak,Unknown: `data` allocated at /root/Thesis/cleak/demo/juliet_cwe401/cases/CWE401_Memory_Leak__char_calloc_08/CWE401_Memory_Leak__char_calloc_08.c:44 is never freed before CWE401_Memory_Leak__char_calloc_08_bad() returns. The allocation at /root/Thesis/cleak/demo/juliet_cwe401/cases/CWE401_Memory_Leak__char_calloc_08/CWE401_Memory_Leak__char_calloc_08.c:44 (`data`) has no matching free on the leaking path.,Ensure the object allocated via calloc in CWE401_Memory_Leak__char_calloc_08_bad is released on every exit path. Add cleanup before each return or route ownership to a caller that clearly frees it.,"--- a//root/Thesis/cleak/demo/juliet_cwe401/cases/CWE401_Memory_Leak__char_calloc_08/CWE401_Memory_Leak__char_calloc_08.c
+++ b//root/Thesis/cleak/demo/juliet_cwe401/cases/CWE401_Memory_Leak__char_calloc_08/CWE401_Memory_Leak__char_calloc_08.c
@@ -55 +55 @@
-}
+free(data);
+}
(Free `data` before the exit at line 55 so every path releases the allocation.)"
CWE401_Memory_Leak__char_calloc_08,bundle_d995d6d0ec892c3d4c9d926afb4b7613cea6435b,goodB2G1,/root/Thesis/cleak/demo/juliet_cwe401/cases/CWE401_Memory_Leak__char_calloc_08/CWE401_Memory_Leak__char_calloc_08.c,69,calloc,likely_false_positive,heuristic,0.8,exercised_clean,A dynamic run exercised this allocation and reported no leak; the remaining static signals are weak.,,
CWE401_Memory_Leak__char_calloc_08,bundle_bf268d76d01ed7c213722fdb8924ade75f3589b8,goodB2G2,/root/Thesis/cleak/demo/juliet_cwe401/cases/CWE401_Memory_Leak__char_calloc_08/CWE401_Memory_Leak__char_calloc_08.c,95,calloc,likely_false_positive,heuristic,0.8,exercised_clean,A dynamic run exercised this allocation and reported no leak; the remaining static signals are weak.,,
CWE401_Memory_Leak__char_calloc_08,bundle_6ff7cfb6237e135bb82eb77c591515a38717a153,goodG2B1,/root/Thesis/cleak/demo/juliet_cwe401/cases/CWE401_Memory_Leak__char_calloc_08/CWE401_Memory_Leak__char_calloc_08.c,121,ALLOCA,likely_false_positive,heuristic,0.8,exercised_clean,A dynamic run exercised this allocation and reported no leak; the remaining static signals are weak.,,
CWE401_Memory_Leak__char_calloc_08,bundle_b7b0c13535c86addb1d6fa5b2d492abfe89f3a46,goodG2B2,/root/Thesis/cleak/demo/juliet_cwe401/cases/CWE401_Memory_Leak__char_calloc_08/CWE401_Memory_Leak__char_calloc_08.c,141,ALLOCA,likely_false_positive,heuristic,0.8,exercised_clean,A dynamic run exercised this allocation and reported no leak; the remaining static signals are weak.,,
CWE401_Memory_Leak__char_calloc_09,bundle_9bb3202032ef564651166bf496610f3b5b5e5afe,CWE401_Memory_Leak__char_calloc_09_bad,/root/Thesis/cleak/demo/juliet_cwe401/cases/CWE401_Memory_Leak__char_calloc_09/CWE401_Memory_Leak__char_calloc_09.c,31,calloc,confirmed_leak,heuristic,1,exercised_leak,Unknown: `data` allocated at /root/Thesis/cleak/demo/juliet_cwe401/cases/CWE401_Memory_Leak__char_calloc_09/CWE401_Memory_Leak__char_calloc_09.c:31 is never freed before CWE401_Memory_Leak__char_calloc_09_bad() returns. The allocation at /root/Thesis/cleak/demo/juliet_cwe401/cases/CWE401_Memory_Leak__char_calloc_09/CWE401_Memory_Leak__char_calloc_09.c:31 (`data`) has no matching free on the leaking path.,Ensure the object allocated via calloc in CWE401_Memory_Leak__char_calloc_09_bad is released on every exit path. Add cleanup before each return or route ownership to a caller that clearly frees it.,"--- a//root/Thesis/cleak/demo/juliet_cwe401/cases/CWE401_Memory_Leak__char_calloc_09/CWE401_Memory_Leak__char_calloc_09.c
+++ b//root/Thesis/cleak/demo/juliet_cwe401/cases/CWE401_Memory_Leak__char_calloc_09/CWE401_Memory_Leak__char_calloc_09.c
@@ -42 +42 @@
-}
+free(data);
+}
(Free `data` before the exit at line 42 so every path releases the allocation.)"
CWE401_Memory_Leak__char_calloc_09,bundle_91abc64819e4f613f8cd0c6a5441f11672a98f50,goodB2G1,/root/Thesis/cleak/demo/juliet_cwe401/cases/CWE401_Memory_Leak__char_calloc_09/CWE401_Memory_Leak__char_calloc_09.c,56,calloc,likely_false_positive,heuristic,0.8,exercised_clean,A dynamic run exercised this allocation and reported no leak; the remaining static signals are weak.,,
CWE401_Memory_Leak__char_calloc_09,bundle_7578615c353691df97711d63584b85ff03414385,goodB2G2,/root/Thesis/cleak/demo/juliet_cwe401/cases/CWE401_Memory_Leak__char_calloc_09/CWE401_Memory_Leak__char_calloc_09.c,82,calloc,likely_false_positive,heuristic,0.8,exercised_clean,A dynamic run exercised this allocation and reported no leak; the remaining static signals are weak.,,
CWE401_Memory_Leak__char_calloc_09,bundle_1d43535cc95258cc617b1653499943237df83ac4,goodG2B1,/root/Thesis/cleak/demo/juliet_cwe401/cases/CWE401_Memory_Leak__char_calloc_09/CWE401_Memory_Leak__char_calloc_09.c,108,ALLOCA,likely_false_positive,heuristic,0.8,exercised_clean,A dynamic run exercised this allocation and reported no leak; the remaining static signals are weak.,,
CWE401_Memory_Leak__char_calloc_09,bundle_e720ede8147282f67debd228017e89a3fe02f23d,goodG2B2,/root/Thesis/cleak/demo/juliet_cwe401/cases/CWE401_Memory_Leak__char_calloc_09/CWE401_Memory_Leak__char_calloc_09.c,128,ALLOCA,likely_false_positive,heuristic,0.8,exercised_clean,A dynamic run exercised this allocation and reported no leak; the remaining static signals are weak.,,
CWE401_Memory_Leak__char_calloc_10,bundle_11d5252934f0fc5cc6b52d327eaa683e327d1322,CWE401_Memory_Leak__char_calloc_10_bad,/root/Thesis/cleak/demo/juliet_cwe401/cases/CWE401_Memory_Leak__char_calloc_10/CWE401_Memory_Leak__char_calloc_10.c,31,calloc,confirmed_leak,heuristic,1,exercised_leak,Unknown: `data` allocated at /root/Thesis/cleak/demo/juliet_cwe401/cases/CWE401_Memory_Leak__char_calloc_10/CWE401_Memory_Leak__char_calloc_10.c:31 is never freed before CWE401_Memory_Leak__char_calloc_10_bad() returns. The allocation at /root/Thesis/cleak/demo/juliet_cwe401/cases/CWE401_Memory_Leak__char_calloc_10/CWE401_Memory_Leak__char_calloc_10.c:31 (`data`) has no matching free on the leaking path.,Ensure the object allocated via calloc in CWE401_Memory_Leak__char_calloc_10_bad is released on every exit path. Add cleanup before each return or route ownership to a caller that clearly frees it.,"--- a//root/Thesis/cleak/demo/juliet_cwe401/cases/CWE401_Memory_Leak__char_calloc_10/CWE401_Memory_Leak__char_calloc_10.c
+++ b//root/Thesis/cleak/demo/juliet_cwe401/cases/CWE401_Memory_Leak__char_calloc_10/CWE401_Memory_Leak__char_calloc_10.c
@@ -42 +42 @@
-}
+free(data);
+}
(Free `data` before the exit at line 42 so every path releases the allocation.)"
CWE401_Memory_Leak__char_calloc_10,bundle_6a0bd90090d7fe68d47d89ec6cde451273ffa701,goodB2G1,/root/Thesis/cleak/demo/juliet_cwe401/cases/CWE401_Memory_Leak__char_calloc_10/CWE401_Memory_Leak__char_calloc_10.c,56,calloc,likely_false_positive,heuristic,0.8,exercised_clean,A dynamic run exercised this allocation and reported no leak; the remaining static signals are weak.,,
CWE401_Memory_Leak__char_calloc_10,bundle_5173aaa449c7d21780c1bef32b05a0067c3a7ef4,goodB2G2,/root/Thesis/cleak/demo/juliet_cwe401/cases/CWE401_Memory_Leak__char_calloc_10/CWE401_Memory_Leak__char_calloc_10.c,82,calloc,likely_false_positive,heuristic,0.8,exercised_clean,A dynamic run exercised this allocation and reported no leak; the remaining static signals are weak.,,
CWE401_Memory_Leak__char_calloc_10,bundle_f4914ebf445437ed327688be37f19f6b8590a1f7,goodG2B1,/root/Thesis/cleak/demo/juliet_cwe401/cases/CWE401_Memory_Leak__char_calloc_10/CWE401_Memory_Leak__char_calloc_10.c,108,ALLOCA,likely_false_positive,heuristic,0.8,exercised_clean,A dynamic run exercised this allocation and reported no leak; the remaining static signals are weak.,,
CWE401_Memory_Leak__char_calloc_10,bundle_cebbf6a517f1ad96c605d22f83bda96ab6bc79c3,goodG2B2,/root/Thesis/cleak/demo/juliet_cwe401/cases/CWE401_Memory_Leak__char_calloc_10/CWE401_Memory_Leak__char_calloc_10.c,128,ALLOCA,likely_false_positive,heuristic,0.8,exercised_clean,A dynamic run exercised this allocation and reported no leak; the remaining static signals are weak.,,
CWE401_Memory_Leak__char_calloc_11,bundle_93e54806d35f2e9ddeb132d4b57102af61d6d0c6,CWE401_Memory_Leak__char_calloc_11_bad,/root/Thesis/cleak/demo/juliet_cwe401/cases/CWE401_Memory_Leak__char_calloc_11/CWE401_Memory_Leak__char_calloc_11.c,31,calloc,confirmed_leak,heuristic,1,exercised_leak,Unknown: `data` allocated at /root/Thesis/cleak/demo/juliet_cwe401/cases/CWE401_Memory_Leak__char_calloc_11/CWE401_Memory_Leak__char_calloc_11.c:31 is never freed before CWE401_Memory_Leak__char_calloc_11_bad() returns. The allocation at /root/Thesis/cleak/demo/juliet_cwe401/cases/CWE401_Memory_Leak__char_calloc_11/CWE401_Memory_Leak__char_calloc_11.c:31 (`data`) has no matching free on the leaking path.,Ensure the object allocated via calloc in CWE401_Memory_Leak__char_calloc_11_bad is released on every exit path. Add cleanup before each return or route ownership to a caller that clearly frees it.,"--- a//root/Thesis/cleak/demo/juliet_cwe401/cases/CWE401_Memory_Leak__char_calloc_11/CWE401_Memory_Leak__char_calloc_11.c
+++ b//root/Thesis/cleak/demo/juliet_cwe401/cases/CWE401_Memory_Leak__char_calloc_11/CWE401_Memory_Leak__char_calloc_11.c
@@ -42 +42 @@
-}
+free(data);
+}
(Free `data` before the exit at line 42 so every path releases the allocation.)"
CWE401_Memory_Leak__char_calloc_11,bundle_b1b94db8fc03a91af23d275acb9caabf96a6be86,goodB2G1,/root/Thesis/cleak/demo/juliet_cwe401/cases/CWE401_Memory_Leak__char_calloc_11/CWE401_Memory_Leak__char_calloc_11.c,56,calloc,likely_false_positive,heuristic,0.8,exercised_clean,A dynamic run exercised this allocation and reported no leak; the remaining static signals are weak.,,
CWE401_Memory_Leak__char_calloc_11,bundle_5297821f5b5f7ae6e731c03df8c0edb7fd4f3479,goodB2G2,/root/Thesis/cleak/demo/juliet_cwe401/cases/CWE401_Memory_Leak__char_calloc_11/CWE401_Memory_Leak__char_calloc_11.c,82,calloc,likely_false_positive,heuristic,0.8,exercised_clean,A dynamic run exercised this allocation and reported no leak; the remaining static signals are weak.,,
CWE401_Memory_Leak__char_calloc_11,bundle_24be29edf9eb2b5dcb8107588108d70a64afe9e8,goodG2B1,/root/Thesis/cleak/demo/juliet_cwe401/cases/CWE401_Memory_Leak__char_calloc_11/CWE401_Memory_Leak__char_calloc_11.c,108,ALLOCA,likely_false_positive,heuristic,0.8,exercised_clean,A dynamic run exercised this allocation and reported no leak; the remaining static signals are weak.,,
CWE401_Memory_Leak__char_calloc_11,bundle_9bf1835c7973638824639a5685feb570a8448897,goodG2B2,/root/Thesis/cleak/demo/juliet_cwe401/cases/CWE401_Memory_Leak__char_calloc_11/CWE401_Memory_Leak__char_calloc_11.c,128,ALLOCA,likely_false_positive,heuristic,0.8,exercised_clean,A dynamic run exercised this allocation and reported no leak; the remaining static signals are weak.,,
CWE401_Memory_Leak__char_calloc_12,bundle_b91c24933046e63d20cdec8c22380641eada57eb,CWE401_Memory_Leak__char_calloc_12_bad,/root/Thesis/cleak/demo/juliet_cwe401/cases/CWE401_Memory_Leak__char_calloc_12/CWE401_Memory_Leak__char_calloc_12.c,31,calloc,likely_false_positive,heuristic,0.8,exercised_clean,A dynamic run exercised this allocation and reported no leak; the remaining static signals are weak.,,
CWE401_Memory_Leak__char_calloc_12,bundle_1b60ba4e8d0770f3de909d5ceeb7b9bdf08af5dd,CWE401_Memory_Leak__char_calloc_12_bad,/root/Thesis/cleak/demo/juliet_cwe401/cases/CWE401_Memory_Leak__char_calloc_12/CWE401_Memory_Leak__char_calloc_12.c,40,ALLOCA,likely_false_positive,heuristic,0.8,exercised_clean,A dynamic run exercised this allocation and reported no leak; the remaining static signals are weak.,,
CWE401_Memory_Leak__char_calloc_12,bundle_f3ad4d913a3aa1e4b06e5655726469994908803d,goodB2G,/root/Thesis/cleak/demo/juliet_cwe401/cases/CWE401_Memory_Leak__char_calloc_12/CWE401_Memory_Leak__char_calloc_12.c,71,calloc,likely_false_positive,heuristic,0.8,exercised_clean,A dynamic run exercised this allocation and reported no leak; the remaining static signals are weak.,,
CWE401_Memory_Leak__char_calloc_12,bundle_bb6fddae3735040b4c519693021ab310f0b7fe81,goodB2G,/root/Thesis/cleak/demo/juliet_cwe401/cases/CWE401_Memory_Leak__char_calloc_12/CWE401_Memory_Leak__char_calloc_12.c,80,calloc,likely_false_positive,heuristic,0.8,exercised_clean,A dynamic run exercised this allocation and reported no leak; the remaining static signals are weak.,,
CWE401_Memory_Leak__char_calloc_12,bundle_78a92ea6aa68d9a05c93f653d48e1e741a9c46cb,goodG2B,/root/Thesis/cleak/demo/juliet_cwe401/cases/CWE401_Memory_Leak__char_calloc_12/CWE401_Memory_Leak__char_calloc_12.c,108,ALLOCA,likely_false_positive,heuristic,0.8,exercised_clean,A dynamic run exercised this allocation and reported no leak; the remaining static signals are weak.,,
CWE401_Memory_Leak__char_calloc_12,bundle_768634bda5556df53210efed561f252994e7a935,goodG2B,/root/Thesis/cleak/demo/juliet_cwe401/cases/CWE401_Memory_Leak__char_calloc_12/CWE401_Memory_Leak__char_calloc_12.c,116,ALLOCA,likely_false_positive,heuristic,0.8,exercised_clean,A dynamic run exercised this allocation and reported no leak; the remaining static signals are weak.,,
CWE401_Memory_Leak__char_calloc_13,bundle_2d2bc32a6d6813120e64ff4987c970e9423ba1a8,CWE401_Memory_Leak__char_calloc_13_bad,/root/Thesis/cleak/demo/juliet_cwe401/cases/CWE401_Memory_Leak__char_calloc_13/CWE401_Memory_Leak__char_calloc_13.c,31,calloc,confirmed_leak,heuristic,1,exercised_leak,Unknown: `data` allocated at /root/Thesis/cleak/demo/juliet_cwe401/cases/CWE401_Memory_Leak__char_calloc_13/CWE401_Memory_Leak__char_calloc_13.c:31 is never freed before CWE401_Memory_Leak__char_calloc_13_bad() returns. The allocation at /root/Thesis/cleak/demo/juliet_cwe401/cases/CWE401_Memory_Leak__char_calloc_13/CWE401_Memory_Leak__char_calloc_13.c:31 (`data`) has no matching free on the leaking path.,Ensure the object allocated via calloc in CWE401_Memory_Leak__char_calloc_13_bad is released on every exit path. Add cleanup before each return or route ownership to a caller that clearly frees it.,"--- a//root/Thesis/cleak/demo/juliet_cwe401/cases/CWE401_Memory_Leak__char_calloc_13/CWE401_Memory_Leak__char_calloc_13.c
+++ b//root/Thesis/cleak/demo/juliet_cwe401/cases/CWE401_Memory_Leak__char_calloc_13/CWE401_Memory_Leak__char_calloc_13.c
@@ -42 +42 @@
-}
+free(data);
+}
(Free `data` before the exit at line 42 so every path releases the allocation.)"
CWE401_Memory_Leak__char_calloc_13,bundle_6963adb1eada76757c321accf684301cb4d4ac35,goodB2G1,/root/Thesis/cleak/demo/juliet_cwe401/cases/CWE401_Memory_Leak__char_calloc_13/CWE401_Memory_Leak__char_calloc_13.c,56,calloc,likely_false_positive,heuristic,0.8,exercised_clean,A dynamic run exercised this allocation and reported no leak; the remaining static signals are weak.,,
CWE401_Memory_Leak__char_calloc_13,bundle_a281cf8c434b949a08a69da01f8feda83d213c2b,goodB2G2,/root/Thesis/cleak/demo/juliet_cwe401/cases/CWE401_Memory_Leak__char_calloc_13/CWE401_Memory_Leak__char_calloc_13.c,82,calloc,likely_false_positive,heuristic,0.8,exercised_clean,A dynamic run exercised this allocation and reported no leak; the remaining static signals are weak.,,
CWE401_Memory_Leak__char_calloc_13,bundle_8f798d852956a224aa70ca84e4a624683de4df68,goodG2B1,/root/Thesis/cleak/demo/juliet_cwe401/cases/CWE401_Memory_Leak__char_calloc_13/CWE401_Memory_Leak__char_calloc_13.c,108,ALLOCA,likely_false_positive,heuristic,0.8,exercised_clean,A dynamic run exercised this allocation and reported no leak; the remaining static signals are weak.,,
CWE401_Memory_Leak__char_calloc_13,bundle_4e664efc1987366d6417785739ea2996aa08ed7d,goodG2B2,/root/Thesis/cleak/demo/juliet_cwe401/cases/CWE401_Memory_Leak__char_calloc_13/CWE401_Memory_Leak__char_calloc_13.c,128,ALLOCA,likely_false_positive,heuristic,0.8,exercised_clean,A dynamic run exercised this allocation and reported no leak; the remaining static signals are weak.,,
CWE401_Memory_Leak__char_calloc_14,bundle_b84c8c5fdc856c64ae7522619b727dcc9279c981,CWE401_Memory_Leak__char_calloc_14_bad,/root/Thesis/cleak/demo/juliet_cwe401/cases/CWE401_Memory_Leak__char_calloc_14/CWE401_Memory_Leak__char_calloc_14.c,31,calloc,confirmed_leak,heuristic,1,exercised_leak,Unknown: `data` allocated at /root/Thesis/cleak/demo/juliet_cwe401/cases/CWE401_Memory_Leak__char_calloc_14/CWE401_Memory_Leak__char_calloc_14.c:31 is never freed before CWE401_Memory_Leak__char_calloc_14_bad() returns. The allocation at /root/Thesis/cleak/demo/juliet_cwe401/cases/CWE401_Memory_Leak__char_calloc_14/CWE401_Memory_Leak__char_calloc_14.c:31 (`data`) has no matching free on the leaking path.,Ensure the object allocated via calloc in CWE401_Memory_Leak__char_calloc_14_bad is released on every exit path. Add cleanup before each return or route ownership to a caller that clearly frees it.,"--- a//root/Thesis/cleak/demo/juliet_cwe401/cases/CWE401_Memory_Leak__char_calloc_14/CWE401_Memory_Leak__char_calloc_14.c
+++ b//root/Thesis/cleak/demo/juliet_cwe401/cases/CWE401_Memory_Leak__char_calloc_14/CWE401_Memory_Leak__char_calloc_14.c
@@ -42 +42 @@
-}
+free(data);
+}
(Free `data` before the exit at line 42 so every path releases the allocation.)"
CWE401_Memory_Leak__char_calloc_14,bundle_577146642b33f23acd3f7f032973157ec56499e7,goodB2G1,/root/Thesis/cleak/demo/juliet_cwe401/cases/CWE401_Memory_Leak__char_calloc_14/CWE401_Memory_Leak__char_calloc_14.c,56,calloc,likely_false_positive,heuristic,0.8,exercised_clean,A dynamic run exercised this allocation and reported no leak; the remaining static signals are weak.,,
CWE401_Memory_Leak__char_calloc_14,bundle_c0ab0b657978b7df4c98088c985bc7f9b23aa0ad,goodB2G2,/root/Thesis/cleak/demo/juliet_cwe401/cases/CWE401_Memory_Leak__char_calloc_14/CWE401_Memory_Leak__char_calloc_14.c,82,calloc,likely_false_positive,heuristic,0.8,exercised_clean,A dynamic run exercised this allocation and reported no leak; the remaining static signals are weak.,,
CWE401_Memory_Leak__char_calloc_14,bundle_248e06d4b8975f3339e8ff04a701ac04376b0125,goodG2B1,/root/Thesis/cleak/demo/juliet_cwe401/cases/CWE401_Memory_Leak__char_calloc_14/CWE401_Memory_Leak__char_calloc_14.c,108,ALLOCA,likely_false_positive,heuristic,0.8,exercised_clean,A dynamic run exercised this allocation and reported no leak; the remaining static signals are weak.,,
CWE401_Memory_Leak__char_calloc_14,bundle_5f50aede72b31f7efc42b7e0407c6558b94206f4,goodG2B2,/root/Thesis/cleak/demo/juliet_cwe401/cases/CWE401_Memory_Leak__char_calloc_14/CWE401_Memory_Leak__char_calloc_14.c,128,ALLOCA,likely_false_positive,heuristic,0.8,exercised_clean,A dynamic run exercised this allocation and reported no leak; the remaining static signals are weak.,,
CWE401_Memory_Leak__char_calloc_15,bundle_0ce0789ea6e530692dbc1d8aac648c05d7d188df,CWE401_Memory_Leak__char_calloc_15_bad,/root/Thesis/cleak/demo/juliet_cwe401/cases/CWE401_Memory_Leak__char_calloc_15/CWE401_Memory_Leak__char_calloc_15.c,32,calloc,confirmed_leak,heuristic,1,exercised_leak,Unknown: `data` allocated at /root/Thesis/cleak/demo/juliet_cwe401/cases/CWE401_Memory_Leak__char_calloc_15/CWE401_Memory_Leak__char_calloc_15.c:32 is never freed before CWE401_Memory_Leak__char_calloc_15_bad() returns. The allocation at /root/Thesis/cleak/demo/juliet_cwe401/cases/CWE401_Memory_Leak__char_calloc_15/CWE401_Memory_Leak__char_calloc_15.c:32 (`data`) has no matching free on the leaking path.,Ensure the object allocated via calloc in CWE401_Memory_Leak__char_calloc_15_bad is released on every exit path. Add cleanup before each return or route ownership to a caller that clearly frees it.,"--- a//root/Thesis/cleak/demo/juliet_cwe401/cases/CWE401_Memory_Leak__char_calloc_15/CWE401_Memory_Leak__char_calloc_15.c
+++ b//root/Thesis/cleak/demo/juliet_cwe401/cases/CWE401_Memory_Leak__char_calloc_15/CWE401_Memory_Leak__char_calloc_15.c
@@ -54 +54 @@
-}
+free(data);
+}
(Free `data` before the exit at line 54 so every path releases the allocation.)"
CWE401_Memory_Leak__char_calloc_15,bundle_49e7802406d7cda3ac501954fac23997b613d33e,goodB2G1,/root/Thesis/cleak/demo/juliet_cwe401/cases/CWE401_Memory_Leak__char_calloc_15/CWE401_Memory_Leak__char_calloc_15.c,69,calloc,likely_false_positive,heuristic,0.8,exercised_clean,A dynamic run exercised this allocation and reported no leak; the remaining static signals are weak.,,
CWE401_Memory_Leak__char_calloc_15,bundle_c2e27342978f72fb5f6307a4e79053c7e271eebd,goodB2G2,/root/Thesis/cleak/demo/juliet_cwe401/cases/CWE401_Memory_Leak__char_calloc_15/CWE401_Memory_Leak__char_calloc_15.c,102,calloc,likely_false_positive,heuristic,0.8,exercised_clean,A dynamic run exercised this allocation and reported no leak; the remaining static signals are weak.,,
CWE401_Memory_Leak__char_calloc_15,bundle_711aaf73f04ca434a8302061d3285efae20134e5,goodG2B1,/root/Thesis/cleak/demo/juliet_cwe401/cases/CWE401_Memory_Leak__char_calloc_15/CWE401_Memory_Leak__char_calloc_15.c,139,ALLOCA,likely_false_positive,heuristic,0.8,exercised_clean,A dynamic run exercised this allocation and reported no leak; the remaining static signals are weak.,,
CWE401_Memory_Leak__char_calloc_15,bundle_64fbceddc82aa2b6e8e6161fe938ccbdda001654,goodG2B2,/root/Thesis/cleak/demo/juliet_cwe401/cases/CWE401_Memory_Leak__char_calloc_15/CWE401_Memory_Leak__char_calloc_15.c,167,ALLOCA,likely_false_positive,heuristic,0.8,exercised_clean,A dynamic run exercised this allocation and reported no leak; the remaining static signals are weak.,,
CWE401_Memory_Leak__char_calloc_16,bundle_e50261132e8042570141647f0ab4add90b33ea37,CWE401_Memory_Leak__char_calloc_16_bad,/root/Thesis/cleak/demo/juliet_cwe401/cases/CWE401_Memory_Leak__char_calloc_16/CWE401_Memory_Leak__char_calloc_16.c,31,calloc,confirmed_leak,heuristic,1,exercised_leak,Loop accumulate: The loop starting at /root/Thesis/cleak/demo/juliet_cwe401/cases/CWE401_Memory_Leak__char_calloc_16/CWE401_Memory_Leak__char_calloc_16.c:28 reassigns `data` each iteration without freeing the previous allocation. The allocation at /root/Thesis/cleak/demo/juliet_cwe401/cases/CWE401_Memory_Leak__char_calloc_16/CWE401_Memory_Leak__char_calloc_16.c:31 (`data`) has no matching free on the leaking path.,Ensure the object allocated via calloc in CWE401_Memory_Leak__char_calloc_16_bad is released on every exit path. Add cleanup before each return or route ownership to a caller that clearly frees it.,"--- a//root/Thesis/cleak/demo/juliet_cwe401/cases/CWE401_Memory_Leak__char_calloc_16/CWE401_Memory_Leak__char_calloc_16.c
+++ b//root/Thesis/cleak/demo/juliet_cwe401/cases/CWE401_Memory_Leak__char_calloc_16/CWE401_Memory_Leak__char_calloc_16.c
@@ -37 +37 @@
-    }
+    free(data); /* free previous iteration's allocation */
+    }
(Free `data` before the exit at line 37 so every path releases the allocation.)"
CWE401_Memory_Leak__char_calloc_16,bundle_da0b54c8432d675ec2b751c4627b71e0d48b3f6d,goodB2G,/root/Thesis/cleak/demo/juliet_cwe401/cases/CWE401_Memory_Leak__char_calloc_16/CWE401_Memory_Leak__char_calloc_16.c,58,calloc,likely_false_positive,heuristic,0.8,exercised_clean,A dynamic run exercised this allocation and reported no leak; the remaining static signals are weak.,,
CWE401_Memory_Leak__char_calloc_16,bundle_674166e85fcc32ff469659c18ecdb1c654e235c8,goodG2B,/root/Thesis/cleak/demo/juliet_cwe401/cases/CWE401_Memory_Leak__char_calloc_16/CWE401_Memory_Leak__char_calloc_16.c,81,ALLOCA,likely_false_positive,heuristic,0.8,exercised_clean,A dynamic run exercised this allocation and reported no leak; the remaining static signals are weak.,,
CWE401_Memory_Leak__char_calloc_17,bundle_acc3b100076017c2a95a67b3c8a082fde9c52785,CWE401_Memory_Leak__char_calloc_17_bad,/root/Thesis/cleak/demo/juliet_cwe401/cases/CWE401_Memory_Leak__char_calloc_17/CWE401_Memory_Leak__char_calloc_17.c,32,calloc,confirmed_leak,llm,1,exercised_clean,"The allocation at line 32 is never freed anywhere in the function. After the first loop allocates and uses the buffer, the second loop simply does nothing (empty statement), and the function returns without calling free(data). There is no ownership transfer, return, or storage of the pointer. This is a clear, unconditional memory leak.",The loop starting at /root/Thesis/cleak/demo/juliet_cwe401/cases/CWE401_Memory_Leak__char_calloc_17/CWE401_Memory_Leak__char_calloc_17.c:29 reassigns `data` each iteration without freeing the previous allocation.,"--- a//root/Thesis/cleak/demo/juliet_cwe401/cases/CWE401_Memory_Leak__char_calloc_17/CWE401_Memory_Leak__char_calloc_17.c
+++ b//root/Thesis/cleak/demo/juliet_cwe401/cases/CWE401_Memory_Leak__char_calloc_17/CWE401_Memory_Leak__char_calloc_17.c
@@ -37 +37 @@
-    }
+    free(data); /* free previous iteration's allocation */
+    }
(Free `data` before the exit at line 37 so every path releases the allocation.)"
CWE401_Memory_Leak__char_calloc_17,bundle_89ed6da93810c8f84891d9db72291668a3855a6f,goodB2G,/root/Thesis/cleak/demo/juliet_cwe401/cases/CWE401_Memory_Leak__char_calloc_17/CWE401_Memory_Leak__char_calloc_17.c,58,calloc,likely_false_positive,heuristic,0.8,exercised_clean,A dynamic run exercised this allocation and reported no leak; the remaining static signals are weak.,,
CWE401_Memory_Leak__char_calloc_17,bundle_c06e80fb988af460c835bb1e5d447bebbb812416,goodG2B,/root/Thesis/cleak/demo/juliet_cwe401/cases/CWE401_Memory_Leak__char_calloc_17/CWE401_Memory_Leak__char_calloc_17.c,80,ALLOCA,likely_false_positive,heuristic,0.8,exercised_clean,A dynamic run exercised this allocation and reported no leak; the remaining static signals are weak.,,
CWE401_Memory_Leak__char_calloc_18,bundle_3a33e31a9d02100d2d06819015bdfb9e5a985d01,CWE401_Memory_Leak__char_calloc_18_bad,/root/Thesis/cleak/demo/juliet_cwe401/cases/CWE401_Memory_Leak__char_calloc_18/CWE401_Memory_Leak__char_calloc_18.c,31,calloc,confirmed_leak,heuristic,1,exercised_leak,Early return: The early exit at /root/Thesis/cleak/demo/juliet_cwe401/cases/CWE401_Memory_Leak__char_calloc_18/CWE401_Memory_Leak__char_calloc_18.c:36 returns before `data` is freed. The allocation at /root/Thesis/cleak/demo/juliet_cwe401/cases/CWE401_Memory_Leak__char_calloc_18/CWE401_Memory_Leak__char_calloc_18.c:31 (`data`) has no matching free on the leaking path.,Ensure the object allocated via calloc in CWE401_Memory_Leak__char_calloc_18_bad is released on every exit path. Add cleanup before each return or route ownership to a caller that clearly frees it.,"--- a//root/Thesis/cleak/demo/juliet_cwe401/cases/CWE401_Memory_Leak__char_calloc_18/CWE401_Memory_Leak__char_calloc_18.c
+++ b//root/Thesis/cleak/demo/juliet_cwe401/cases/CWE401_Memory_Leak__char_calloc_18/CWE401_Memory_Leak__char_calloc_18.c
@@ -36 +36 @@
-    goto sink;
+    free(data);
+    goto sink;
(Free `data` before the exit at line 36 so every path releases the allocation.)"
CWE401_Memory_Leak__char_calloc_18,bundle_e768eb5087b5d850eb58d90f65ed7c7055c1ab49,goodB2G,/root/Thesis/cleak/demo/juliet_cwe401/cases/CWE401_Memory_Leak__char_calloc_18/CWE401_Memory_Leak__char_calloc_18.c,54,calloc,false_positive,llm,0.97,exercised_clean,"The allocation is immediately reachable by an unconditional goto to the sink label, where free(data) is executed on all paths after the allocation. There is no return, error branch, or loss of the pointer between allocation and free, so the calloc memory is correctly released.",,
CWE401_Memory_Leak__char_calloc_18,bundle_64ecab720c9857aedd0131967460b074aa18966b,goodG2B,/root/Thesis/cleak/demo/juliet_cwe401/cases/CWE401_Memory_Leak__char_calloc_18/CWE401_Memory_Leak__char_calloc_18.c,73,ALLOCA,false_positive,llm,0.95,exercised_clean,"The allocation at line 73 is via ALLOCA, which per project convention maps to alloca()/_alloca(), a stack allocation that is automatically reclaimed when the function returns and must NOT be passed to free(). No heap allocation occurs, no dynamic leak evidence is present, and the code performs no ownership transfer requiring a free. Therefore this is not a memory leak.",,
CWE401_Memory_Leak__char_calloc_21,bundle_539d69234a869cf46cc5c7a979104e94c3e59a5b,CWE401_Memory_Leak__char_calloc_21_bad,/root/Thesis/cleak/demo/juliet_cwe401/cases/CWE401_Memory_Leak__char_calloc_21/CWE401_Memory_Leak__char_calloc_21.c,41,calloc,confirmed_leak,heuristic,1,exercised_leak,Unknown: `data` allocated at /root/Thesis/cleak/demo/juliet_cwe401/cases/CWE401_Memory_Leak__char_calloc_21/CWE401_Memory_Leak__char_calloc_21.c:41 is never freed before CWE401_Memory_Leak__char_calloc_21_bad() returns. The allocation at /root/Thesis/cleak/demo/juliet_cwe401/cases/CWE401_Memory_Leak__char_calloc_21/CWE401_Memory_Leak__char_calloc_21.c:41 (`data`) has no matching free on the leaking path.,Ensure the object allocated via calloc in CWE401_Memory_Leak__char_calloc_21_bad is released on every exit path. Add cleanup before each return or route ownership to a caller that clearly frees it.,"--- a//root/Thesis/cleak/demo/juliet_cwe401/cases/CWE401_Memory_Leak__char_calloc_21/CWE401_Memory_Leak__char_calloc_21.c
+++ b//root/Thesis/cleak/demo/juliet_cwe401/cases/CWE401_Memory_Leak__char_calloc_21/CWE401_Memory_Leak__char_calloc_21.c
@@ -48 +48 @@
-}
+free(data);
+}
(Free `data` before the exit at line 48 so every path releases the allocation.)"
CWE401_Memory_Leak__char_calloc_21,bundle_099126a99e93d169d373ef9e5a3579cd170609aa,goodB2G1,/root/Thesis/cleak/demo/juliet_cwe401/cases/CWE401_Memory_Leak__char_calloc_21/CWE401_Memory_Leak__char_calloc_21.c,79,calloc,likely_false_positive,llm,0.72,exercised_clean,"The calloc'ed buffer is handed off to goodB2G1Sink(data) immediately after use. This transfers ownership to the sink function, so the absence of a free() inside goodB2G1() is not itself evidence of a leak. There is no runtime leak evidence linked to this allocation and no static context indicating the sink fails to free it. The sink is expected to free the buffer in this good-path test case.",,
CWE401_Memory_Leak__char_calloc_21,bundle_57bfbcc0cf84ebcd32ad195ad5f714678954fc4e,goodB2G2,/root/Thesis/cleak/demo/juliet_cwe401/cases/CWE401_Memory_Leak__char_calloc_21/CWE401_Memory_Leak__char_calloc_21.c,103,calloc,likely_false_positive,heuristic,0.8,exercised_clean,"`data` is freed in callee `goodB2G2Sink()` — ownership is consumed by the sink, not leaked.",,
CWE401_Memory_Leak__char_calloc_21,bundle_c01f15277f4de1480eb63d2796b16b6912bcfe1f,goodG2B,/root/Thesis/cleak/demo/juliet_cwe401/cases/CWE401_Memory_Leak__char_calloc_21/CWE401_Memory_Leak__char_calloc_21.c,127,ALLOCA,likely_false_positive,heuristic,0.8,exercised_clean,A dynamic run exercised this allocation and reported no leak; the remaining static signals are weak.,,
CWE401_Memory_Leak__char_calloc_21,bundle_13db002303e338bee1b302e1d0f4610bf00a961b,badSink,/root/Thesis/cleak/demo/juliet_cwe401/cases/CWE401_Memory_Leak__char_calloc_21/CWE401_Memory_Leak__char_calloc_21.c,27,parameter_ownership,confirmed_leak,llm,0.9,exercised_clean,"badSink() receives the heap-allocated 'data' pointer and, on the bad path, never frees it. The function body only executes an empty statement guarded by if(badStatic); there is no free(data) anywhere in the shown code, and the pointer is not returned or handed off to another owner. Because the 'parameter_ownership' indicates this function is responsible for releasing the parameter, the calloc'ed buffer leaks when bad() returns.",`data` allocated at /root/Thesis/cleak/demo/juliet_cwe401/cases/CWE401_Memory_Leak__char_calloc_21/CWE401_Memory_Leak__char_calloc_21.c:27 is never freed before badSink() returns.,"--- a//root/Thesis/cleak/demo/juliet_cwe401/cases/CWE401_Memory_Leak__char_calloc_21/CWE401_Memory_Leak__char_calloc_21.c
+++ b//root/Thesis/cleak/demo/juliet_cwe401/cases/CWE401_Memory_Leak__char_calloc_21/CWE401_Memory_Leak__char_calloc_21.c
@@ -34 +34 @@
-}
+free(data);
+}
(Free `data` before the exit at line 34 so every path releases the allocation.)"
CWE401_Memory_Leak__char_calloc_22,bundle_b895226818c5e2d1f653b1d19db2b288b7ef280d,CWE401_Memory_Leak__char_calloc_22_bad,/root/Thesis/cleak/demo/juliet_cwe401/cases/CWE401_Memory_Leak__char_calloc_22/CWE401_Memory_Leak__char_calloc_22a.c,34,calloc,confirmed_leak,heuristic,1,exercised_leak,Unknown: `data` allocated at /root/Thesis/cleak/demo/juliet_cwe401/cases/CWE401_Memory_Leak__char_calloc_22/CWE401_Memory_Leak__char_calloc_22a.c:34 is never freed before CWE401_Memory_Leak__char_calloc_22_bad() returns. The allocation at /root/Thesis/cleak/demo/juliet_cwe401/cases/CWE401_Memory_Leak__char_calloc_22/CWE401_Memory_Leak__char_calloc_22a.c:34 (`data`) has no matching free on the leaking path.,Ensure the object allocated via calloc in CWE401_Memory_Leak__char_calloc_22_bad is released on every exit path. Add cleanup before each return or route ownership to a caller that clearly frees it.,"--- a//root/Thesis/cleak/demo/juliet_cwe401/cases/CWE401_Memory_Leak__char_calloc_22/CWE401_Memory_Leak__char_calloc_22a.c
+++ b//root/Thesis/cleak/demo/juliet_cwe401/cases/CWE401_Memory_Leak__char_calloc_22/CWE401_Memory_Leak__char_calloc_22a.c
@@ -41 +41 @@
-}
+free(data);
+}
(Free `data` before the exit at line 41 so every path releases the allocation.)"
CWE401_Memory_Leak__char_calloc_22,bundle_8cd9500584efdadb69c614cc3555ea10991e1f62,goodB2G1,/root/Thesis/cleak/demo/juliet_cwe401/cases/CWE401_Memory_Leak__char_calloc_22/CWE401_Memory_Leak__char_calloc_22a.c,60,calloc,false_positive,llm,0.92,exercised_clean,"The calloc allocation in goodB2G1() is handed off to CWE401_Memory_Leak__char_calloc_22_goodB2G1Sink(data). This is the good sink for this test case, and the function sets the controlling global to 0 immediately before the call, which selects the sink's freeing branch. The pointer's ownership is transferred to the sink, so freeing it is not the responsibility of goodB2G1(). No runtime evidence links this allocation to a leak.",,
CWE401_Memory_Leak__char_calloc_22,bundle_983d894971b353006af407626b4fde30d6f7f10c,goodB2G2,/root/Thesis/cleak/demo/juliet_cwe401/cases/CWE401_Memory_Leak__char_calloc_22/CWE401_Memory_Leak__char_calloc_22a.c,77,calloc,false_positive,llm,0.95,exercised_clean,"The allocation in goodB2G2() is immediately handed off to CWE401_Memory_Leak__char_calloc_22_goodB2G2Sink(data), which is the sink function responsible for freeing the buffer in this Juliet test case. The global flag is set to 1 before the call, so the goodB2G2 sink path will free the data. No leak path exists in this function: allocation, null check, use, then ownership transfer. There is no runtime evidence pointing to a leak at this site.",,
CWE401_Memory_Leak__char_calloc_22,bundle_80bc6448be00ae979eb9b6b01354dfd2580d34d5,goodG2B,/root/Thesis/cleak/demo/juliet_cwe401/cases/CWE401_Memory_Leak__char_calloc_22/CWE401_Memory_Leak__char_calloc_22a.c,94,ALLOCA,likely_false_positive,heuristic,0.8,exercised_clean,A dynamic run exercised this allocation and reported no leak; the remaining static signals are weak.,,
CWE401_Memory_Leak__char_calloc_22,bundle_a4e92ccdd1d51e51a08b02e962e49ad6fbb7fde3,CWE401_Memory_Leak__char_calloc_22_badSink,/root/Thesis/cleak/demo/juliet_cwe401/cases/CWE401_Memory_Leak__char_calloc_22/CWE401_Memory_Leak__char_calloc_22b.c,27,parameter_ownership,confirmed_leak,llm,0.92,exercised_clean,"The function receives a heap-allocated pointer `data` as a parameter and never frees it. It also does not return the pointer or store it anywhere, so no ownership transfer occurs. The only executable statement is an empty statement when the global is true, so every path loses the allocation when the function returns. This is the classic CWE401 memory-leak sink behavior.",`data` allocated at /root/Thesis/cleak/demo/juliet_cwe401/cases/CWE401_Memory_Leak__char_calloc_22/CWE401_Memory_Leak__char_calloc_22b.c:27 is never freed before CWE401_Memory_Leak__char_calloc_22_badSink() returns.,"--- a//root/Thesis/cleak/demo/juliet_cwe401/cases/CWE401_Memory_Leak__char_calloc_22/CWE401_Memory_Leak__char_calloc_22b.c
+++ b//root/Thesis/cleak/demo/juliet_cwe401/cases/CWE401_Memory_Leak__char_calloc_22/CWE401_Memory_Leak__char_calloc_22b.c
@@ -34 +34 @@
-}
+free(data);
+}
(Free `data` before the exit at line 34 so every path releases the allocation.)"
