config,c,precision,recall,f1,fpPerKloc
B1,0.0,0.680,0.556,0.612,1.241
B1,0.1,0.680,0.556,0.612,1.241
B1,0.2,0.680,0.556,0.612,1.241
B1,0.3,0.680,0.556,0.612,1.241
B1,0.4,0.680,0.556,0.612,1.241
B1,0.5,0.680,0.556,0.612,1.241
B1,0.6,0.000,0.000,0.000,0.000
B1,0.7,0.000,0.000,0.000,0.000
B1,0.8,0.000,0.000,0.000,0.000
B1,0.9,0.000,0.000,0.000,0.000
B1,1.0,0.000,0.000,0.000,0.000
B6a,0.0,0.968,0.780,0.864,0.123
B6a,0.1,0.968,0.780,0.864,0.123
B6a,0.2,0.968,0.780,0.864,0.123
B6a,0.3,0.968,0.780,0.864,0.123
B6a,0.4,0.968,0.780,0.864,0.123
B6a,0.5,0.968,0.780,0.864,0.123
B6a,0.6,0.970,0.740,0.840,0.109
B6a,0.7,0.990,0.684,0.809,0.033
B6a,0.8,0.990,0.676,0.803,0.033
B6a,0.9,0.989,0.645,0.781,0.033
B6a,1.0,0.980,0.349,0.515,0.033
B6,0.0,0.966,0.779,0.862,0.129
B6,0.1,0.966,0.779,0.862,0.129
B6,0.2,0.966,0.779,0.862,0.129
B6,0.3,0.966,0.779,0.862,0.129
B6,0.4,0.966,0.779,0.862,0.129
B6,0.5,0.966,0.779,0.862,0.129
B6,0.6,0.972,0.737,0.839,0.101
B6,0.7,0.988,0.676,0.803,0.039
B6,0.8,0.988,0.670,0.798,0.039
B6,0.9,0.987,0.640,0.777,0.039
B6,1.0,0.977,0.351,0.516,0.039
